n,A,B,X,Aox,Box,Cox,RaIX,RaXII,Rb,Rc,exp,EAH
0.0,Ba,Bi,O,0.0,0.0,0.0,2.15,2.15,1.6,0.6,False,1.7434000000093874e-05
0.0,Ba,Ir,O,2.0,4.0,-2.0,1.47,1.61,0.625,1.2600000000000005,False,0.0162561192916674
1.0,Ba,Ir,O,2.0,4.0,-2.0,1.47,1.61,0.625,1.26,False,0.0194738019642999
0.0,Ba,Pb,O,2.0,4.0,-2.0,1.47,1.61,0.775,1.26,False,5.183500000072172e-05
1.0,Ba,Pb,O,2.0,4.0,-2.0,1.47,1.61,0.775,1.26,False,0.0
1.0,Cs,Cr,Cl,1.0,2.0,-1.0,1.78,1.88,1.2,1.67,False,0.0
0.0,Bi,Fe,O,3.0,3.0,-2.0,1.3,1.3,1.0999999999999999,1.2600000000000005,False,0.0564112610000018
0.0,K,Cr,F,1.0,2.0,-1.0,1.55,1.64,1.2,1.1899999999999997,False,0.0
0.0,Rb,Au,Br,0.0,0.0,0.0,2.35,2.35,1.35,1.15,False,0.0
0.0,Rb,Au,I,0.0,0.0,0.0,2.35,2.35,1.35,1.4,False,0.0
0.0,Rb,Cr,Cl,1.0,2.0,-1.0,1.63,1.72,1.2,1.67,False,0.0282901049999972
0.0,Ba,Co,O,2.0,4.0,-2.0,1.47,1.61,0.53,1.26,True,0.001055195000001
0.0,La,Mn,O,3.0,3.0,-2.0,1.216,1.36,1.0999999999999999,1.26,True,0.1758665029523811
0.0,Nd,Zr,O,3.0,3.0,-2.0,1.163,1.27,1.25,1.26,True,0.1999595629749961
0.0,Sr,Mo,O,2.0,4.0,-2.0,1.31,1.44,0.65,1.26,True,0.0
1.0,Sr,Mo,O,2.0,4.0,-2.0,1.31,1.44,0.65,1.26,False,0.0179903478571423
2.0,Sr,Mo,O,2.0,4.0,-2.0,1.31,1.4400000000000002,0.65,1.26,True,0.0402573291666703
0.0,Ca,Ti,O,2.0,4.0,-2.0,1.18,1.34,0.605,1.26,False,0.0114495924999999
1.0,Ca,Ti,O,2.0,4.0,-2.0,1.18,1.34,0.605,1.26,True,0.0360952453571474
3.0,Ca,Ti,O,2.0,4.0,-2.0,1.18,1.34,0.6050000000000001,1.2599999999999998,False,0.0014509445588277
1.0,Mg,Si,O,2.0,4.0,-2.0,1.3,1.3,0.4,1.26,False,0.3797104628571421
0.0,Na,Nb,O,1.0,5.0,-2.0,1.24,1.39,0.64,1.26,False,0.0267007389999989
0.0,Na,Ta,O,1.0,5.0,-2.0,1.24,1.39,0.64,1.26,False,0.0033295580000007
0.0,Ag,Nb,O,1.0,5.0,-2.0,1.5,1.5,0.64,1.26,False,0.0508057222857152
0.0,Sr,Hf,O,2.0,4.0,-2.0,1.31,1.44,0.71,1.26,False,0.003748271999985
1.0,Sr,Hf,O,2.0,4.0,-2.0,1.31,1.44,0.71,1.26,True,0.0186227099999989
2.0,Sr,Hf,O,2.0,4.0,-2.0,1.31,1.4400000000000002,0.71,1.26,True,0.0211973749999998
3.0,Sr,Hf,O,2.0,4.0,-2.0,1.3100000000000003,1.4399999999999997,0.71,1.2600000000000005,True,0.0072505758823595
0.0,Sr,Zr,O,2.0,4.0,-2.0,1.31,1.44,0.72,1.26,False,0.0071837564999999
1.0,Sr,Zr,O,2.0,4.0,-2.0,1.31,1.44,0.72,1.26,True,0.0345746839285681
2.0,Sr,Zr,O,2.0,4.0,-2.0,1.31,1.4400000000000002,0.72,1.26,True,0.0388202679166642
3.0,Sr,Zr,O,2.0,4.0,-2.0,1.31,1.4400000000000002,0.7199999999999999,1.2599999999999998,True,0.0027217319117589
2.0,Ca,Sn,S,2.0,4.0,-2.0,1.18,1.34,0.69,1.6999999999999997,True,0.3593293207291719
3.0,Ca,Sn,S,2.0,4.0,-2.0,1.18,1.34,0.69,1.6999999999999997,True,0.3952571061764702
4.0,Ca,Sn,S,2.0,4.0,-2.0,1.18,1.34,0.69,1.6999999999999995,True,0.4153439846022753
5.0,Ca,Sn,S,2.0,4.0,-2.0,1.18,1.34,0.69,1.6999999999999995,True,0.4333065202777773
0.0,Sr,Cr,O,2.0,4.0,-2.0,1.3100000000000003,1.44,0.5499999999999999,1.2599999999999998,True,0.1985805120803601
1.0,Sr,Cr,O,2.0,4.0,-2.0,1.31,1.44,0.55,1.26,False,0.0339364087499989
3.0,Sr,Cr,O,2.0,4.0,-2.0,1.31,1.44,0.55,1.26,True,0.0629500965073583
0.0,Sr,Ir,O,2.0,4.0,-2.0,1.3100000000000003,1.4399999999999997,0.625,1.2600000000000005,True,0.0193014599999949
1.0,Sr,Ir,O,2.0,4.0,-2.0,1.31,1.44,0.625,1.26,False,0.0339919464285713
3.0,Sr,Ir,O,2.0,4.0,-2.0,1.31,1.44,0.625,1.26,True,0.0857216002941152
1.0,Sr,Ru,O,2.0,4.0,-2.0,1.31,1.44,0.62,1.26,False,0.0
2.0,Sr,Ru,O,2.0,4.0,-2.0,1.31,1.4400000000000002,0.62,1.26,False,0.0052328616666645
3.0,Sr,Ru,O,2.0,4.0,-2.0,1.3100000000000003,1.4399999999999997,0.62,1.2600000000000005,False,0.0
0.0,La,Ni,O,3.0,3.0,-2.0,1.216,1.36,1.05,1.26,True,0.0435702440000005
1.0,La,Ni,O,3.0,2.0,-2.0,1.216,1.36,0.69,1.26,False,0.0773130453571404
3.0,La,Ni,O,3.0,2.6666666666666665,-2.0,1.216,1.36,0.93,1.26,False,0.0352877239705859
0.0,Rb,Ag,F,1.0,2.0,-1.0,1.63,1.72,0.94,1.19,True,0.114391061
0.0,Sr,Ni,O,2.0,4.0,-2.0,1.31,1.44,0.48,1.26,True,0.0588251934999934
1.0,Sr,Cu,O,2.0,2.0,-1.5,1.31,1.44,0.73,0.98,True,0.0161054814285712
0.0,Ba,Ce,O,2.0,4.0,-2.0,1.47,1.61,0.87,1.26,False,0.0006426110000017
0.0,Ba,Pr,O,0.0,0.0,0.0,2.15,2.15,1.85,0.6,False,0.1122145719999991
0.0,Ba,Tb,O,2.0,4.0,-2.0,1.47,1.61,0.76,1.26,False,0.0917668097500001
0.0,Ce,Al,O,3.0,3.0,-2.0,1.196,1.34,0.535,1.26,False,0.0
0.0,Eu,Nb,O,2.0,4.0,-2.0,1.6500000000000001,1.6500000000000001,0.68,1.26,False,0.0
0.0,K,Mn,F,1.0,2.0,-1.0,1.55,1.64,1.2,1.1899999999999997,False,0.0
1.0,K,Mn,F,1.0,2.0,-1.0,1.55,1.64,1.2,1.19,False,0.0
2.0,K,Mn,F,1.0,2.0,-1.0,1.55,1.64,1.2,1.1899999999999997,False,0.0
0.0,Sr,Sn,O,2.0,4.0,-2.0,1.31,1.44,0.69,1.26,False,0.0036590239999849
1.0,Sr,Sn,O,2.0,4.0,-2.0,1.31,1.44,0.69,1.26,False,0.0053119642857151
0.0,Sr,Tc,O,0.0,0.0,0.0,2.0,2.0,1.35,0.6,False,0.0553152760000017
1.0,Sr,Tc,O,0.0,0.0,0.0,2.0,2.0,1.35,0.6,False,0.0375393964285706
0.0,Ba,Sn,O,2.0,4.0,-2.0,1.47,1.61,0.69,1.26,True,0.0006460229999998
1.0,Ba,Sn,O,2.0,4.0,-2.0,1.47,1.61,0.69,1.26,False,0.0
0.0,Ca,Si,O,2.0,4.0,-2.0,1.18,1.34,0.4,1.26,True,0.2411090466666579
1.0,Ca,Si,O,2.0,4.0,-2.0,1.18,1.34,0.4,1.26,False,0.1888134117857145
0.0,Eu,Fe,O,3.0,3.0,-2.0,1.55,1.55,1.0999999999999999,1.26,True,0.1629300530000001
0.0,La,Co,O,3.0,3.0,-2.0,1.216,1.36,1.05,1.26,True,0.0551452460000003
1.0,La,Co,O,3.0,2.0,-2.0,1.216,1.3599999999999999,1.1500000000000001,1.2600000000000002,False,0.0725557446428535
3.0,La,Co,O,3.0,2.6666666666666665,-2.0,1.216,1.36,1.0833333333333333,1.26,False,0.0907448917647055
0.0,La,Ga,O,3.0,3.0,-2.0,1.216,1.36,0.62,1.26,True,0.0375847591428613
0.0,Sr,Rh,O,2.0,4.0,-2.0,1.31,1.44,0.6,1.26,True,0.0175685137499916
1.0,Sr,Rh,O,2.0,4.0,-2.0,1.31,1.44,0.6,1.26,False,0.0257455875000003
0.0,Cs,Ag,Cl,1.0,2.0,-1.0,1.78,1.88,0.94,1.67,False,0.0
0.0,Cs,Au,Br,0.0,0.0,0.0,2.6,2.6,1.35,1.15,False,0.0
0.0,Cs,Au,Cl,0.0,0.0,0.0,2.6,2.6,1.35,1.0,False,0.0
0.0,Cs,Au,I,0.0,0.0,0.0,2.6,2.6,1.35,1.4,False,0.0
1.0,Ba,Zr,O,2.0,4.0,-2.0,1.47,1.61,0.72,1.26,False,0.0
2.0,Ba,Zr,O,2.0,4.0,-2.0,1.47,1.61,0.72,1.26,True,0.0
0.0,Cs,Ag,F,1.0,2.0,-1.0,1.78,1.88,0.94,1.1899999999999997,False,0.0
1.0,Cs,Ag,F,1.0,2.0,-1.0,1.78,1.88,0.94,1.19,False,0.0214248699999934
0.0,Eu,Ti,O,2.0,4.0,-2.0,1.6500000000000001,1.6500000000000001,0.605,1.26,False,0.0
1.0,Eu,Ti,O,2.0,4.0,-2.0,1.6500000000000001,1.6500000000000001,0.605,1.26,True,0.0
2.0,Eu,Ti,O,2.0,4.0,-2.0,1.6500000000000001,1.6500000000000001,0.605,1.26,True,0.0002717129166871
3.0,Eu,Ti,O,2.0,4.0,-2.0,1.6500000000000001,1.6500000000000001,0.605,1.26,True,0.0032556188235464
0.0,K,Cu,F,1.0,2.0,-1.0,1.55,1.64,0.73,1.1899999999999997,False,0.0023876399999922
1.0,K,Cu,F,1.0,2.0,-1.0,1.55,1.64,0.73,1.19,False,0.0149651078571428
2.0,K,Cu,F,1.0,2.0,-1.0,1.55,1.64,0.73,1.1899999999999997,False,0.0185896629166526
0.0,Rb,Cu,F,1.0,2.0,-1.0,1.63,1.72,0.73,1.1899999999999997,False,0.0
1.0,Rb,Cu,F,1.0,2.0,-1.0,1.63,1.72,0.73,1.19,True,0.0
0.0,Cs,Ca,Cl,1.0,2.0,-1.0,1.78,1.88,1.0,1.67,True,0.0
1.0,Cs,Ca,Cl,1.0,2.0,-1.0,1.78,1.88,1.0,1.67,True,0.0
2.0,Cs,Ca,Cl,1.0,2.0,-1.0,1.78,1.88,1.0,1.67,True,0.0
0.0,Cs,Pb,Br,1.0,2.0,-1.0,1.78,1.88,1.19,1.82,True,0.0074836449999993
0.0,Rb,Cu,Cl,1.0,2.0,-1.0,1.63,1.72,0.73,1.67,True,0.0008872559999968
1.0,Rb,Cu,Cl,1.0,2.0,-1.0,1.63,1.72,0.73,1.67,True,0.0210431514285711
0.0,Sr,Ti,O,2.0,4.0,-2.0,1.31,1.44,0.605,1.26,True,0.0
1.0,Sr,Ti,O,2.0,4.0,-2.0,1.31,1.44,0.605,1.26,False,0.0
2.0,Sr,Ti,O,2.0,4.0,-2.0,1.31,1.4400000000000002,0.605,1.26,False,0.0
3.0,Sr,Ti,O,2.0,4.0,-2.0,1.31,1.44,0.605,1.26,False,0.0
0.0,Cs,Dy,Br,1.0,2.0,-1.0,1.78,1.88,1.07,1.82,False,0.0924846973333295
0.0,Cs,Sn,I,1.0,2.0,-1.0,1.78,1.88,1.25,2.06,False,0.0118439939999963
0.0,Cs,Pb,Cl,1.0,2.0,-1.0,1.78,1.88,1.19,1.67,True,0.0
0.0,Cs,Pu,O,0.0,0.0,0.0,2.6,2.6,1.75,0.6,True,0.0809525220000004
1.0,Cs,Pu,O,0.0,0.0,0.0,2.6,2.6,1.75,0.6,True,0.0
0.0,Cs,Sr,Cl,1.0,2.0,-1.0,1.78,1.88,1.18,1.67,True,0.0029529129999996
0.0,Cs,Tm,Br,1.0,2.0,-1.0,1.78,1.88,1.03,1.82,True,0.1219603708888854
0.0,Tl,Pu,O,0.0,0.0,0.0,1.9,1.9,1.75,0.6,True,0.0
0.0,Rb,Sr,Cl,1.0,2.0,-1.0,1.63,1.72,1.18,1.67,True,0.0094709552499994
0.0,Sr,Co,O,2.0,4.0,-2.0,1.31,1.44,0.53,1.26,True,0.0184808396290323
1.0,Sr,Co,O,2.0,4.0,-2.0,1.31,1.44,0.53,1.26,False,0.0112162560714281
0.0,Sr,Nb,O,2.0,4.0,-2.0,1.31,1.44,0.68,1.26,True,0.0091657740000083
3.0,Ba,Ti,O,2.0,4.0,-2.0,1.4700000000000002,1.6099999999999999,0.605,1.2600000000000005,True,0.0246922305882311
0.0,Li,Ti,Cl,1.0,2.0,-1.0,1.3499999999999999,1.3499999999999999,0.86,1.67,True,0.2020785365416646
0.0,Rb,Cr,F,1.0,2.0,-1.0,1.63,1.72,1.2,1.19,True,0.0103533537499957
0.0,Ba,Li,F,2.0,1.0,-1.0,1.47,1.61,0.76,1.19,False,0.0219032200000022
0.0,Ba,Mo,O,2.0,4.0,-2.0,1.47,1.61,0.65,1.26,False,0.0
0.0,Ba,Nb,O,2.0,4.0,-2.0,1.47,1.61,0.68,1.26,False,0.0
0.0,Ba,Os,O,0.0,0.0,0.0,2.15,2.15,1.3,0.6,False,0.0804348329999973
1.0,Ba,Os,O,0.0,0.0,0.0,2.15,2.15,1.3,0.6,True,0.0667726184615435
0.0,Ba,Pu,O,0.0,0.0,0.0,2.15,2.15,1.75,0.6,False,0.0243402839999991
0.0,Ba,Th,O,2.0,4.0,-2.0,1.47,1.61,0.94,1.26,False,0.0834060899999986
0.0,Ba,V,O,2.0,4.0,-2.0,1.47,1.61,0.58,1.26,False,0.1149159189999844
0.0,Ca,Zr,O,2.0,4.0,-2.0,1.18,1.34,0.72,1.26,False,0.1918930845000037
0.0,Pb,Cr,O,2.0,4.0,-2.0,1.35,1.49,0.55,1.26,False,0.1565822560000045
0.0,Cs,Ca,Br,1.0,2.0,-1.0,1.78,1.88,1.0,1.82,False,0.0
1.0,Cs,Ca,Br,1.0,2.0,-1.0,1.78,1.88,1.0,1.82,True,0.0
0.0,Cs,Ca,F,1.0,2.0,-1.0,1.78,1.88,1.0,1.19,False,0.0
1.0,Cs,Ca,F,1.0,2.0,-1.0,1.78,1.88,1.0,1.19,False,0.0
0.0,Cs,Cd,Br,1.0,2.0,-1.0,1.78,1.88,0.95,1.82,False,0.0326752269999985
0.0,Cs,Cd,Cl,1.0,2.0,-1.0,1.78,1.88,0.95,1.67,False,0.0026339559999986
0.0,Cs,Cd,F,1.0,2.0,-1.0,1.78,1.88,0.95,1.19,False,0.0
0.0,Cs,Eu,Cl,1.0,2.0,-1.0,1.78,1.88,1.17,1.67,False,0.010537762000002
0.0,Cs,Eu,F,1.0,2.0,-1.0,1.78,1.88,1.17,1.19,False,0.0157761239999985
0.0,Cs,Fe,F,1.0,2.0,-1.0,1.78,1.88,1.2,1.19,False,0.3133602252499958
0.0,Cs,Ge,Br,1.0,2.0,-1.0,1.78,1.88,0.73,1.82,False,0.0168454719999999
0.0,Cs,Hg,Br,1.0,2.0,-1.0,1.78,1.88,1.02,1.82,False,0.0415227799999988
0.0,Cs,Hg,Cl,1.0,2.0,-1.0,1.78,1.88,1.02,1.67,False,0.0328403993333359
0.0,Cs,Hg,F,1.0,2.0,-1.0,1.78,1.88,1.02,1.19,False,0.0
1.0,Cs,Hg,F,1.0,2.0,-1.0,1.78,1.88,1.02,1.19,False,0.0
0.0,Cs,Mg,F,1.0,2.0,-1.0,1.78,1.88,0.72,1.19,False,0.0576306187500019
0.0,Cs,Pb,F,1.0,2.0,-1.0,1.78,1.88,1.19,1.19,False,0.0091062169999993
0.0,Cs,Pb,I,1.0,2.0,-1.0,1.78,1.88,1.19,2.06,False,0.0250493440000001
0.0,Cs,Sm,Cl,1.0,2.0,-1.0,1.78,1.88,1.6500000000000001,1.67,False,0.1161817939999991
0.0,Cs,Sn,Br,1.0,2.0,-1.0,1.78,1.88,1.25,1.82,False,0.0111951394999998
0.0,Cs,Sn,Cl,1.0,2.0,-1.0,1.78,1.88,1.25,1.67,False,0.0226868215000006
0.0,Cs,Sr,F,1.0,2.0,-1.0,1.78,1.88,1.18,1.19,False,0.0193475639999984
0.0,Cs,Tm,Cl,1.0,2.0,-1.0,1.78,1.88,1.03,1.67,False,0.201543684777782
1.0,Cs,Tm,Cl,1.0,2.0,-1.0,1.78,1.88,1.03,1.67,False,0.1557705418254009
0.0,Pb,Ge,O,2.0,4.0,-2.0,1.35,1.49,0.53,1.26,False,0.2177559430000091
0.0,Pb,Hf,O,2.0,4.0,-2.0,1.35,1.49,0.71,1.26,False,0.0402784003124949
0.0,K,Ca,F,1.0,2.0,-1.0,1.55,1.64,1.0,1.19,False,0.0238642845000001
0.0,K,Cd,F,1.0,2.0,-1.0,1.55,1.64,0.95,1.19,False,0.0255770149999996
0.0,K,Co,F,1.0,2.0,-1.0,1.55,1.64,1.1500000000000001,1.19,False,0.1590786019999992
1.0,K,Co,F,1.0,2.0,-1.0,1.55,1.64,1.1500000000000001,1.19,False,0.0823301171428587
2.0,K,Co,F,1.0,2.0,-1.0,1.55,1.64,1.1500000000000001,1.1899999999999997,False,0.0
0.0,K,Fe,F,1.0,2.0,-1.0,1.55,1.64,1.2,1.19,False,0.2201906789999963
0.0,K,Hg,F,1.0,2.0,-1.0,1.55,1.64,1.02,1.1899999999999997,False,0.0
0.0,K,Mg,F,1.0,2.0,-1.0,1.55,1.64,0.72,1.19,False,0.0
1.0,K,Mg,F,1.0,2.0,-1.0,1.55,1.64,0.72,1.19,False,0.0
0.0,K,Nb,O,1.0,5.0,-2.0,1.55,1.64,0.64,1.26,False,0.0077302279999997
1.0,K,Ni,F,1.0,2.0,-1.0,1.55,1.64,0.69,1.19,False,0.0
2.0,K,Ni,F,1.0,2.0,-1.0,1.55,1.64,0.69,1.1899999999999997,False,0.0
0.0,K,Pd,F,1.0,2.0,-1.0,1.55,1.64,0.86,1.19,False,0.0345552939999933
0.0,K,Ta,O,1.0,5.0,-2.0,1.55,1.64,0.64,1.26,False,0.0
0.0,K,U,O,1.0,5.0,-2.0,1.55,1.64,0.76,1.26,False,0.0
1.0,K,U,O,1.0,6.0,-2.0,1.55,1.64,0.73,1.26,False,0.0
0.0,K,Zn,F,1.0,2.0,-1.0,1.55,1.64,0.74,1.19,False,0.0
1.0,K,Zn,F,1.0,2.0,-1.0,1.55,1.64,0.74,1.19,False,0.0
2.0,K,Zn,F,1.0,2.0,-1.0,1.55,1.64,0.74,1.1899999999999997,False,0.0
0.0,La,Cr,O,3.0,3.0,-2.0,1.216,1.36,0.615,1.26,False,0.0914568244999998
0.0,La,Fe,O,3.0,3.0,-2.0,1.216,1.36,1.0999999999999999,1.26,False,0.1300084940000001
0.0,La,Ti,O,3.0,3.0,-2.0,1.216,1.36,0.67,1.26,False,0.0675842517499916
0.0,La,V,O,3.0,3.0,-2.0,1.216,1.36,0.64,1.26,False,0.1772593870000012
0.0,Tl,Mn,Cl,1.0,2.0,-1.0,1.7999999999999998,1.7999999999999998,1.2,1.67,False,0.0293077779999997
0.0,Na,V,F,1.0,2.0,-1.0,1.24,1.39,0.79,1.19,False,0.0913499079999944
0.0,Na,W,O,1.0,5.0,-2.0,1.24,1.39,0.62,1.26,False,0.0553004563043533
0.0,Nd,Co,O,3.0,3.0,-2.0,1.163,1.27,1.05,1.26,False,0.0781587440000155
1.0,Nd,Co,O,3.0,2.0,-2.0,1.163,1.27,1.1500000000000001,1.26,True,0.1307605792857078
3.0,Nd,Co,O,3.0,2.6666666666666665,-2.0,1.163,1.2699999999999998,1.0833333333333337,1.2599999999999998,False,0.0272157813235249
0.0,Nd,Cr,O,3.0,3.0,-2.0,1.163,1.27,0.615,1.26,False,0.1431141595000014
1.0,Pr,Co,O,3.0,2.0,-2.0,1.55,1.55,1.1500000000000001,1.26,True,0.1070340608928539
0.0,Pr,Cr,O,3.0,3.0,-2.0,1.55,1.55,0.615,1.26,False,0.1180232594999992
0.0,Pr,V,O,3.0,3.0,-2.0,1.55,1.55,0.64,1.26,False,0.2120419344999984
0.0,Rb,Ca,F,1.0,2.0,-1.0,1.63,1.72,1.0,1.19,False,0.0
0.0,Rb,Cd,F,1.0,2.0,-1.0,1.63,1.72,0.95,1.19,False,0.0
0.0,Rb,Fe,F,1.0,2.0,-1.0,1.63,1.72,1.2,1.19,False,0.2661429584999988
1.0,Rb,Fe,F,1.0,2.0,-1.0,1.63,1.72,1.2,1.19,True,0.0
0.0,Rb,Ge,I,1.0,2.0,-1.0,1.63,1.72,0.73,2.06,False,0.0133855093333297
0.0,Rb,Hg,F,1.0,2.0,-1.0,1.63,1.72,1.02,1.19,False,0.0
1.0,Rb,Hg,F,1.0,2.0,-1.0,1.63,1.72,1.02,1.19,False,0.0
0.0,Rb,Mg,F,1.0,2.0,-1.0,1.63,1.72,0.72,1.19,False,0.0
1.0,Rb,Mg,F,1.0,2.0,-1.0,1.63,1.72,0.72,1.19,False,0.0
0.0,Rb,Mn,F,1.0,2.0,-1.0,1.63,1.72,1.2,1.19,False,0.0
1.0,Rb,Mn,F,1.0,2.0,-1.0,1.63,1.72,1.2,1.19,True,0.0
0.0,Rb,Pb,F,1.0,2.0,-1.0,1.63,1.72,1.19,1.19,False,0.0340889909999999
0.0,Rb,Pd,F,1.0,2.0,-1.0,1.63,1.72,0.86,1.19,False,0.0434700649999975
0.0,Rb,U,O,1.0,5.0,-2.0,1.63,1.72,0.76,1.26,False,0.0
1.0,Rb,U,O,1.0,6.0,-2.0,1.63,1.72,0.73,1.26,False,0.0
0.0,Sm,Co,O,3.0,3.0,-2.0,1.132,1.24,1.05,1.26,False,0.1305531110000073
0.0,Sm,Cr,O,3.0,3.0,-2.0,1.132,1.24,0.615,1.26,False,0.1972817555000006
0.0,Sm,V,O,2.0,4.0,-2.0,1.6500000000000001,1.6500000000000001,0.58,1.26,False,0.299045315499999
1.0,Sr,Fe,O,2.0,4.0,-2.0,1.31,1.44,0.585,1.26,False,0.0
2.0,Sr,Fe,O,2.0,4.0,-2.0,1.31,1.4400000000000002,0.585,1.26,False,0.0
0.0,Sr,Ge,O,2.0,4.0,-2.0,1.31,1.44,0.53,1.26,False,0.1500441693333272
0.0,Sr,Mn,O,2.0,4.0,-2.0,1.31,1.44,0.53,1.26,False,0.0492473494999998
1.0,Sr,Mn,O,2.0,4.0,-2.0,1.31,1.44,0.53,1.26,False,0.0065769003571398
2.0,Sr,Mn,O,2.0,4.0,-2.0,1.31,1.4400000000000002,0.53,1.26,False,0.0280495223611252
0.0,Sr,Si,O,2.0,4.0,-2.0,1.31,1.44,0.4,1.26,False,0.3242759299999918
1.0,Sr,V,O,2.0,4.0,-2.0,1.31,1.44,0.58,1.26,False,0.0257023919999932
2.0,Sr,V,O,2.0,4.0,-2.0,1.31,1.4400000000000002,0.58,1.26,False,0.0
3.0,Sr,V,O,2.0,4.0,-2.0,1.31,1.44,0.58,1.26,False,0.0469774152270678
0.0,Sn,Ta,O,2.0,4.0,-2.0,1.25,1.25,0.68,1.26,False,0.2989471735000002
0.0,Pb,Ti,O,2.0,4.0,-2.0,1.35,1.49,0.605,1.26,False,0.0412217460000015
0.0,Pb,V,O,2.0,4.0,-2.0,1.35,1.49,0.58,1.26,False,0.1245164723124991
0.0,Ag,Zn,F,1.0,2.0,-1.0,1.5,1.5,0.74,1.19,False,0.0535718940000009
0.0,Pb,Zr,O,2.0,4.0,-2.0,1.35,1.49,0.72,1.26,False,0.0818658328124968
0.0,Ac,Al,O,0.0,0.0,0.0,1.95,1.95,1.25,0.6,True,0.0
0.0,Ac,Ga,O,0.0,0.0,0.0,1.95,1.95,1.3,0.6,True,0.0
0.0,Ac,Mg,O,0.0,0.0,0.0,1.95,1.95,1.5,0.6,True,0.0827427582499993
0.0,Ac,Mn,O,0.0,0.0,0.0,1.95,1.95,1.4,0.6,True,0.0
0.0,Ac,Pd,O,0.0,0.0,0.0,1.95,1.95,1.4,0.6,True,0.0
0.0,Ac,Sc,O,0.0,0.0,0.0,1.95,1.95,1.6,0.6,True,0.0241400348749998
0.0,Ac,V,O,0.0,0.0,0.0,1.95,1.95,1.35,0.6,True,0.0
0.0,Bi,Al,O,3.0,3.0,-2.0,1.3,1.3,0.535,1.26,True,0.1216092342500028
0.0,Ba,Al,O,0.0,0.0,0.0,2.15,2.15,1.25,0.6,True,0.1693612007499938
0.0,Ba,Au,O,0.0,0.0,0.0,2.15,2.15,1.35,0.6,True,0.198319595
0.0,Ba,Cd,O,0.0,0.0,0.0,2.15,2.15,1.55,0.6,True,0.2028810379999965
0.0,Ba,Cu,O,2.0,1.0,-1.0,1.47,1.61,0.77,0.6999999999999998,True,0.0827329195833348
0.0,Ba,Dy,O,0.0,0.0,0.0,2.15,2.15,1.75,0.6,True,0.1087208710000009
0.0,Ba,Er,O,0.0,0.0,0.0,2.15,2.15,1.75,0.6,True,0.0867026415000022
0.0,Ba,Eu,O,0.0,0.0,0.0,2.15,2.15,1.85,0.6,True,0.165083611
0.0,Ba,Ge,O,2.0,4.0,-2.0,1.47,1.61,0.53,1.26,True,0.2323634095000004
0.0,Ba,Hf,O,2.0,4.0,-2.0,1.47,1.61,0.71,1.26,True,0.0
1.0,Ba,Hf,O,2.0,4.0,-2.0,1.47,1.61,0.71,1.26,True,0.0
2.0,Ba,Hf,O,2.0,4.0,-2.0,1.47,1.61,0.71,1.26,True,0.0
3.0,Ba,Hf,O,2.0,4.0,-2.0,1.4700000000000002,1.6099999999999999,0.71,1.2600000000000005,True,0.0055094979411762
0.0,Ba,Hf,S,2.0,4.0,-2.0,1.47,1.61,0.71,1.7,True,0.0282627044999985
1.0,Ba,Hf,S,2.0,4.0,-2.0,1.47,1.61,0.71,1.7,False,0.0
3.0,Ba,Hf,S,2.0,4.0,-2.0,1.47,1.61,0.71,1.6999999999999997,False,0.0216363691176484
4.0,Ba,Hf,S,2.0,4.0,-2.0,1.47,1.61,0.71,1.6999999999999995,False,0.0259424717045577
5.0,Ba,Hf,S,2.0,4.0,-2.0,1.47,1.61,0.71,1.6999999999999995,False,0.0290267625926041
0.0,Ba,In,O,0.0,0.0,0.0,2.15,2.15,1.55,0.6,True,0.0772048647500041
1.0,Ba,In,O,2.0,3.0,-2.0,1.4700000000000002,1.6099999999999999,0.8000000000000002,1.2600000000000002,False,0.0138804276785746
0.0,Ba,Mn,O,2.0,4.0,-2.0,1.47,1.61,0.53,1.26,True,0.1337394536666671
1.0,Ba,Mn,O,2.0,4.0,-2.0,1.47,1.61,0.53,1.26,True,0.021058589761906
0.0,Ba,Nd,O,0.0,0.0,0.0,2.15,2.15,1.85,0.6,True,0.1785233512500008
0.0,Ba,Ni,O,2.0,4.0,-2.0,1.47,1.61,0.48,1.26,True,0.1242722740000008
0.0,Ba,Pd,O,2.0,4.0,-2.0,1.47,1.61,0.615,1.26,True,0.0287006584999947
0.0,Ba,Pt,O,0.0,0.0,0.0,2.15,2.15,1.35,0.6,True,0.0993157422666728
0.0,Ba,Re,O,2.0,4.0,-2.0,1.47,1.61,0.63,1.26,True,0.1363621645000012
0.0,Ba,Rh,O,2.0,4.0,-2.0,1.47,1.61,0.6,1.26,True,0.0983361712962951
0.0,Ba,Ru,O,2.0,4.0,-2.0,1.47,1.61,0.62,1.26,True,0.068705431499989
1.0,Ba,Ru,O,2.0,4.0,-2.0,1.47,1.61,0.62,1.26,True,0.0006041192857164
0.0,Ba,Sc,O,0.0,0.0,0.0,2.15,2.15,1.6,0.6,True,0.0267010691666582
0.0,Ba,Ta,O,2.0,4.0,-2.0,1.47,1.61,0.68,1.26,True,0.0325576493066908
0.0,Ba,Tl,O,0.0,0.0,0.0,2.15,2.15,1.9,0.6,True,0.1192370462499941
0.0,Ba,Tm,O,0.0,0.0,0.0,2.15,2.15,1.75,0.6,True,0.0724718132499981
0.0,Ba,W,O,2.0,4.0,-2.0,1.47,1.61,0.66,1.26,True,0.158416016499995
0.0,Ba,Zn,O,0.0,0.0,0.0,2.15,2.15,1.35,0.6,True,0.1742941279999961
0.0,Ca,Co,O,2.0,4.0,-2.0,1.18,1.34,0.53,1.26,True,0.1603328566666677
0.0,Ca,Cu,O,2.0,1.0,-1.0,1.18,1.34,0.77,0.6999999999999998,True,0.1624751933749983
0.0,Ca,Fe,O,2.0,4.0,-2.0,1.18,1.34,0.585,1.26,True,0.0521472515000001
0.0,Ca,Ge,O,2.0,4.0,-2.0,1.18,1.34,0.53,1.26,True,0.1707720013333347
1.0,Ca,Ge,O,2.0,4.0,-2.0,1.18,1.34,0.53,1.26,False,0.146360459285713
0.0,Ca,Hf,O,2.0,4.0,-2.0,1.18,1.34,0.71,1.26,True,0.1600869140000007
1.0,Ca,Hf,O,2.0,4.0,-2.0,1.18,1.34,0.71,1.2600000000000002,True,0.0250919975000005
0.0,Ca,Mn,O,2.0,4.0,-2.0,1.18,1.34,0.53,1.26,True,0.1165496273333364
1.0,Ca,Mn,O,2.0,4.0,-2.0,1.18,1.34,0.53,1.2600000000000002,False,0.0209950820238109
2.0,Ca,Mn,O,2.0,4.0,-2.0,1.18,1.34,0.53,1.26,False,0.0573382527777797
3.0,Ca,Mn,O,2.0,4.0,-2.0,1.18,1.34,0.5300000000000001,1.2599999999999998,False,0.0216410461764704
0.0,Ca,Ru,O,2.0,4.0,-2.0,1.18,1.34,0.62,1.26,True,0.1652333974999997
1.0,Ca,Ru,O,2.0,4.0,-2.0,1.18,1.34,0.62,1.26,False,0.0318261282142859
0.0,Ca,Sc,O,0.0,0.0,0.0,1.8,1.8,1.6,0.6,True,0.2404754344999968
0.0,Ca,V,O,2.0,4.0,-2.0,1.18,1.34,0.58,1.26,True,0.1062316629107158
0.0,Ca,Zn,O,0.0,0.0,0.0,1.8,1.8,1.35,0.6,True,0.2381676579999974
0.0,Ce,Ti,O,3.0,3.0,-2.0,1.196,1.34,0.67,1.26,True,0.0838094562500035
0.0,Cs,Ag,Br,1.0,2.0,-1.0,1.78,1.88,0.94,1.82,True,0.0024982199999969
0.0,Cs,Au,F,0.0,0.0,0.0,2.6,2.6,1.35,0.5,True,0.1041280913333366
0.0,Cs,Bi,O,1.0,5.0,-2.0,1.78,1.88,0.76,1.26,True,0.0405547810000079
0.0,Cs,Gd,O,0.0,0.0,0.0,2.6,2.6,1.8,0.6,True,0.2189109054999996
0.0,Cs,In,Br,1.0,2.0,-1.0,1.78,1.88,1.35,1.82,True,0.0243895169999968
0.0,Cs,In,F,1.0,2.0,-1.0,1.78,1.88,1.35,1.19,True,0.106408644
0.0,Cs,Ir,O,0.0,0.0,0.0,2.6,2.6,1.35,0.6,True,0.2113699624999965
0.0,Cs,La,O,1.0,2.0,-1.0,1.78,1.88,1.75,0.6999999999999998,True,0.2498969926250005
0.0,Cs,Np,O,0.0,0.0,0.0,2.6,2.6,1.75,0.6,True,0.0890512840000088
1.0,Cs,Np,O,0.0,0.0,0.0,2.6,2.6,1.75,0.6,True,0.0
0.0,Cs,Os,O,0.0,0.0,0.0,2.6,2.6,1.3,0.6,True,0.2410426829999981
0.0,Cs,Pa,O,0.0,0.0,0.0,2.6,2.6,1.8,0.6,True,0.0
0.0,Cs,Pb,O,0.0,0.0,0.0,2.6,2.6,1.8,0.6,True,0.2085969876666675
0.0,Cs,Pd,Br,1.0,2.0,-1.0,1.78,1.88,0.86,1.82,True,0.0018138420000002
0.0,Cs,Pd,Cl,1.0,2.0,-1.0,1.78,1.88,0.86,1.67,True,0.0522066935000129
0.0,Cs,Pd,F,1.0,2.0,-1.0,1.78,1.88,0.86,1.19,True,0.0735917179999976
0.0,Cs,Pd,O,1.0,2.0,-1.0,1.78,1.88,0.86,0.6999999999999998,True,0.238677719
0.0,Cs,Th,O,0.0,0.0,0.0,2.6,2.6,1.8,0.6,True,0.1465335620000019
0.0,Cs,Tl,F,0.0,0.0,0.0,2.6,2.6,1.9,0.5,True,0.0633824040000021
0.0,Cs,U,O,1.0,5.0,-2.0,1.78,1.88,0.76,1.26,True,0.0214696040000124
1.0,Cs,U,O,1.0,6.0,-2.0,1.78,1.88,0.73,1.26,False,0.0
0.0,Ag,Cu,F,1.0,2.0,-1.0,1.5,1.5,0.73,1.19,True,0.034928862000001
0.0,Bi,Cu,O,3.0,3.0,-2.0,1.3,1.3,0.54,1.26,True,0.1720663100625019
0.0,Dy,Al,O,3.0,3.0,-2.0,1.45,1.45,0.535,1.26,True,0.1417498529999985
0.0,Dy,Cu,O,3.0,3.0,-2.0,1.45,1.45,0.54,1.26,True,0.2257026035624996
0.0,Er,Al,O,3.0,3.0,-2.0,1.45,1.45,0.535,1.26,True,0.186070174200001
0.0,Eu,Al,O,3.0,3.0,-2.0,1.55,1.55,0.535,1.26,True,0.1203964344999981
2.0,Eu,Al,O,2.6666666666666665,3.0,-2.0,1.5833333333333333,1.5833333333333333,0.535,1.26,True,0.0423697177083415
0.0,Eu,Co,O,2.0,4.0,-2.0,1.6500000000000001,1.6500000000000001,0.53,1.26,True,0.223772546000001
1.0,Eu,Co,O,3.0,2.0,-2.0,1.55,1.55,1.1500000000000001,1.26,True,0.2474797853571413
0.0,Eu,Cr,O,2.0,4.0,-2.0,1.6500000000000001,1.6500000000000001,0.55,1.26,True,0.1878008170000011
0.0,Eu,Cu,O,2.0,1.0,-1.0,1.6500000000000001,1.6500000000000001,0.77,0.6999999999999998,True,0.1708528556250002
0.0,Eu,Ge,O,2.0,4.0,-2.0,1.6500000000000001,1.6500000000000001,0.53,1.26,True,0.09222758000001
0.0,Eu,Mn,O,2.0,4.0,-2.0,1.6500000000000001,1.6500000000000001,0.53,1.26,True,0.1256707706874991
0.0,Eu,Mo,O,2.0,4.0,-2.0,1.6500000000000001,1.6500000000000001,0.65,1.26,True,0.1496600012499982
0.0,Eu,Ni,O,2.0,4.0,-2.0,1.6500000000000001,1.6500000000000001,0.48,1.26,True,0.2077995360833409
1.0,Eu,Ni,O,3.0,2.0,-2.0,1.55,1.55,0.69,1.26,True,0.2845533392857113
0.0,Eu,Re,O,2.0,4.0,-2.0,1.6500000000000001,1.6500000000000001,0.63,1.26,True,0.2484921412692298
0.0,Eu,Ru,O,2.0,4.0,-2.0,1.6500000000000001,1.6500000000000001,0.62,1.26,True,0.2182072527499983
0.0,Eu,Sn,O,2.0,4.0,-2.0,1.6500000000000001,1.6500000000000001,0.69,1.26,True,0.1384474116250018
0.0,Eu,Tc,O,0.0,0.0,0.0,1.85,1.85,1.35,0.6,True,0.1464484921250015
0.0,Eu,V,O,2.0,4.0,-2.0,1.6500000000000001,1.6500000000000001,0.58,1.26,True,0.0432424361249896
1.0,Eu,V,O,2.0,4.0,-2.0,1.6500000000000001,1.6500000000000001,0.58,1.26,False,0.0
2.0,Eu,V,O,2.0,4.0,-2.0,1.6500000000000001,1.6500000000000001,0.58,1.26,True,0.0425468988020831
0.0,Eu,W,O,2.0,4.0,-2.0,1.6500000000000001,1.6500000000000001,0.66,1.26,True,0.2359478567499984
0.0,Eu,Zr,O,2.0,4.0,-2.0,1.6500000000000001,1.6500000000000001,0.72,1.26,True,0.0933191865000058
1.0,Eu,Zr,O,2.0,4.0,-2.0,1.6500000000000001,1.6500000000000001,0.72,1.26,True,0.0734172646428543
0.0,Pb,Fe,O,2.0,4.0,-2.0,1.35,1.49,0.585,1.26,True,0.1982501862500001
0.0,Bi,Ga,O,3.0,3.0,-2.0,1.3,1.3,0.62,1.26,True,0.1947061310000011
0.0,Gd,Al,O,3.0,3.0,-2.0,1.5,1.5,0.535,1.26,True,0.085117609399985
0.0,Gd,Co,O,3.0,3.0,-2.0,1.5,1.5,1.05,1.26,True,0.2307191605000014
0.0,Gd,Cr,O,3.0,3.0,-2.0,1.5,1.5,0.615,1.26,True,0.2346617324999993
0.0,Gd,Cu,O,3.0,3.0,-2.0,1.5,1.5,0.54,1.26,True,0.1594863518750031
0.0,K,Ag,Cl,1.0,2.0,-1.0,1.55,1.64,0.94,1.67,True,0.0037957010000013
0.0,K,Ag,F,1.0,2.0,-1.0,1.55,1.64,0.94,1.19,True,0.0062413200000008
1.0,K,Ag,F,1.0,2.0,-1.0,1.55,1.64,0.94,1.1899999999999997,True,0.0132515607142877
0.0,K,Au,Br,0.0,0.0,0.0,2.2,2.2,1.35,1.15,True,0.0463294751250025
0.0,K,Au,Cl,0.0,0.0,0.0,2.2,2.2,1.35,1.0,True,0.0626134846666657
0.0,K,Au,F,0.0,0.0,0.0,2.2,2.2,1.35,0.5,True,0.1607115999999973
0.0,K,Ca,Cl,1.0,2.0,-1.0,1.55,1.64,1.0,1.67,True,0.0457331545000005
0.0,K,Cu,Cl,1.0,2.0,-1.0,1.55,1.64,0.73,1.67,True,0.030757296999992
0.0,K,Hf,O,0.0,0.0,0.0,2.2,2.2,1.55,0.6,True,0.0409062717499928
0.0,K,Lu,O,0.0,0.0,0.0,2.2,2.2,1.75,0.6,True,0.2356623990833322
0.0,K,Mo,O,1.0,5.0,-2.0,1.55,1.64,0.61,1.26,True,0.1068749729999973
0.0,K,Np,O,0.0,0.0,0.0,2.2,2.2,1.75,0.6,True,0.0
1.0,K,Np,O,0.0,0.0,0.0,2.2,2.2,1.75,0.6,True,0.0
0.0,K,Os,O,0.0,0.0,0.0,2.2,2.2,1.3,0.6,True,0.0386250924285649
0.0,K,Pa,O,0.0,0.0,0.0,2.2,2.2,1.8,0.6,True,0.0
0.0,K,Pb,O,0.0,0.0,0.0,2.2,2.2,1.8,0.6,True,0.1511464969999982
0.0,K,Pd,O,1.0,2.0,-1.0,1.55,1.64,0.86,0.6999999999999998,True,0.1662051293333339
0.0,K,Pt,O,0.0,0.0,0.0,2.2,2.2,1.35,0.6,True,0.1254621801666653
1.0,K,Pu,O,0.0,0.0,0.0,2.2,2.2,1.75,0.6,True,0.0
0.0,K,Re,O,1.0,5.0,-2.0,1.55,1.64,0.58,1.26,True,0.03743742071428
0.0,K,Rh,O,0.0,0.0,0.0,2.2,2.2,1.35,0.6,True,0.0611240440000022
0.0,K,Ru,O,1.0,5.0,-2.0,1.55,1.64,0.565,1.26,True,0.1041077557500065
0.0,K,Sc,O,1.0,2.0,-1.0,1.55,1.64,1.4000000000000001,0.6999999999999998,True,0.2033215572499997
0.0,K,Tc,O,0.0,0.0,0.0,2.2,2.2,1.35,0.6,True,0.0
0.0,K,Tm,O,1.0,2.0,-1.0,1.55,1.64,1.03,0.6999999999999998,True,0.2474552408333332
0.0,K,V,O,1.0,5.0,-2.0,1.55,1.64,0.54,1.26,True,0.2169112905000005
0.0,K,W,O,1.0,5.0,-2.0,1.55,1.64,0.62,1.26,True,0.0676837248333335
0.0,K,Zr,O,0.0,0.0,0.0,2.2,2.2,1.55,0.6,True,0.0663136548333334
0.0,La,Ag,O,3.0,3.0,-2.0,1.216,1.36,0.75,1.26,True,0.239374473999999
1.0,La,Ag,O,3.0,2.0,-2.0,1.216,1.36,0.94,1.26,True,0.2562959496428627
0.0,La,Cu,O,3.0,3.0,-2.0,1.216,1.36,0.54,1.26,True,0.0242210939999978
0.0,La,Mg,O,0.0,0.0,0.0,1.95,1.95,1.5,0.6,True,0.2103714165000001
1.0,La,Mg,O,3.0,2.0,-2.0,1.216,1.36,0.72,1.26,True,0.0873159246428549
0.0,La,Sc,O,3.0,3.0,-2.0,1.216,1.36,0.745,1.26,True,0.204081823000001
0.0,La,Zn,O,0.0,0.0,0.0,1.95,1.95,1.35,0.6,True,0.1304627797500011
0.0,Ac,Li,O,0.0,0.0,0.0,1.95,1.95,1.45,0.6,True,0.1292566872142835
0.0,Ca,Li,F,2.0,1.0,-1.0,1.18,1.34,0.76,1.19,True,0.1874393219999994
0.0,La,Li,O,2.0,1.0,-1.0,1.75,1.75,0.76,0.6999999999999998,True,0.2220490414642864
0.0,Pr,Li,O,2.0,1.0,-1.0,1.6500000000000001,1.6500000000000001,0.76,0.6999999999999998,True,0.235092001089284
0.0,Li,Ru,O,1.0,5.0,-2.0,1.3499999999999999,1.3499999999999999,0.565,1.26,True,0.2110826307916689
0.0,Li,Tc,O,0.0,0.0,0.0,1.45,1.45,1.35,0.6,True,0.0652702085833318
0.0,Ag,Mg,F,1.0,2.0,-1.0,1.5,1.5,0.72,1.19,True,0.0331789360000005
0.0,Tl,Mg,F,1.0,2.0,-1.0,1.7999999999999998,1.7999999999999998,0.72,1.19,True,0.0
0.0,In,Mn,F,1.0,2.0,-1.0,1.45,1.45,1.2,1.19,True,0.0322213831111115
0.0,Pb,Mn,O,2.0,4.0,-2.0,1.35,1.49,0.53,1.26,True,0.1138747198846283
0.0,Tl,Mn,F,1.0,2.0,-1.0,1.7999999999999998,1.7999999999999998,1.2,1.19,True,0.0
0.0,Pb,Mo,O,2.0,4.0,-2.0,1.35,1.49,0.65,1.26,True,0.1173922968124969
0.0,Na,Al,O,0.0,0.0,0.0,1.8,1.8,1.25,0.6,True,0.2178403379999984
0.0,Na,Co,O,0.0,0.0,0.0,1.8,1.8,1.35,0.6,True,0.2222077932499999
0.0,Na,Fe,O,0.0,0.0,0.0,1.8,1.8,1.4,0.6,True,0.1464473784999986
0.0,Na,Ge,O,0.0,0.0,0.0,1.8,1.8,1.25,0.6,True,0.2345346542499999
0.0,Na,Mo,O,1.0,5.0,-2.0,1.24,1.39,0.61,1.26,True,0.0963398490000022
0.0,Na,Os,O,0.0,0.0,0.0,1.8,1.8,1.3,0.6,True,0.0350546364999999
0.0,Na,Re,O,1.0,5.0,-2.0,1.24,1.39,0.58,1.26,True,0.0419386955999963
0.0,Na,Ru,O,1.0,5.0,-2.0,1.24,1.39,0.565,1.26,True,0.0890767173749988
0.0,Na,Ti,F,1.0,2.0,-1.0,1.24,1.39,0.86,1.19,True,0.2350290187777739
0.0,Na,Ti,O,0.0,0.0,0.0,1.8,1.8,1.4,0.6,True,0.0903147999500015
0.0,Na,V,O,1.0,5.0,-2.0,1.24,1.39,0.54,1.26,True,0.1419200870000008
0.0,Tl,Nb,O,1.0,5.0,-2.0,1.7999999999999998,1.7999999999999998,0.64,1.26,True,0.0906740972499999
0.0,Np,Al,O,0.0,0.0,0.0,1.75,1.75,1.25,0.6,True,0.0427647980624996
0.0,Np,Ti,O,0.0,0.0,0.0,1.75,1.75,1.4,0.6,True,0.17949956
0.0,Tl,Pa,O,0.0,0.0,0.0,1.9,1.9,1.8,0.6,True,0.0
0.0,Pm,Ti,O,0.0,0.0,0.0,1.85,1.85,1.4,0.6,True,0.1094739327500011
0.0,Pr,Cu,O,3.0,3.0,-2.0,1.55,1.55,0.54,1.26,True,0.0246290654999974
1.0,Pr,Cu,O,3.0,2.0,-2.0,1.55,1.55,0.73,1.26,False,0.0807000314285701
0.0,Pr,Hf,O,3.0,3.0,-2.0,1.55,1.55,1.25,1.26,True,0.2237529397500033
0.0,Pr,Ti,O,3.0,3.0,-2.0,1.55,1.55,0.67,1.26,True,0.1046450139999883
0.0,Pb,Pu,O,0.0,0.0,0.0,1.8,1.8,1.75,0.6,True,0.2141319438124949
0.0,Pu,Ti,O,0.0,0.0,0.0,1.75,1.75,1.4,0.6,True,0.0804210209999993
0.0,Rb,Ac,O,0.0,0.0,0.0,2.35,2.35,1.95,0.6,True,0.180333470999999
0.0,Rb,Ag,Cl,1.0,2.0,-1.0,1.63,1.72,0.94,1.67,True,0.0019681539999991
0.0,Rb,As,O,0.0,0.0,0.0,2.35,2.35,1.15,0.6,True,0.2054534339000007
0.0,Rb,Au,Cl,0.0,0.0,0.0,2.35,2.35,1.35,1.0,True,0.0537029372500006
0.0,Rb,Au,F,0.0,0.0,0.0,2.35,2.35,1.35,0.5,True,0.1265957406666649
0.0,Rb,Bi,O,1.0,5.0,-2.0,1.63,1.72,0.76,1.26,True,0.0
0.0,Rb,Ca,Br,1.0,2.0,-1.0,1.63,1.72,1.0,1.82,True,0.0237440374999997
0.0,Rb,Cu,Br,1.0,2.0,-1.0,1.63,1.72,0.73,1.82,True,0.0139929159999989
0.0,Rb,Er,O,0.0,0.0,0.0,2.35,2.35,1.75,0.6,True,0.2482169909999996
0.0,Rb,Eu,Cl,1.0,2.0,-1.0,1.63,1.72,1.17,1.67,True,0.0383723899999957
0.0,Rb,Ir,O,1.0,5.0,-2.0,1.63,1.72,0.57,1.26,True,0.0443151190000019
0.0,Rb,Mo,O,0.0,0.0,0.0,2.35,2.35,1.45,0.6,True,0.193318934999997
0.0,Rb,Np,O,0.0,0.0,0.0,2.35,2.35,1.75,0.6,True,0.0123390590000056
1.0,Rb,Np,O,0.0,0.0,0.0,2.35,2.35,1.75,0.6,True,0.0
0.0,Rb,Os,O,0.0,0.0,0.0,2.35,2.35,1.3,0.6,True,0.090559168999996
0.0,Rb,Pa,O,0.0,0.0,0.0,2.35,2.35,1.8,0.6,True,0.0
0.0,Rb,Pd,Cl,1.0,2.0,-1.0,1.63,1.72,0.86,1.67,True,0.0433054944999984
0.0,Rb,Pd,O,1.0,2.0,-1.0,1.63,1.72,0.86,0.6999999999999998,True,0.1556027990000013
0.0,Rb,Pt,O,0.0,0.0,0.0,2.35,2.35,1.35,0.6,True,0.1602229840000033
1.0,Rb,Pu,O,0.0,0.0,0.0,2.35,2.35,1.75,0.6,True,0.0
0.0,Rb,Re,O,1.0,5.0,-2.0,1.63,1.72,0.58,1.26,True,0.1468107104264726
0.0,Rb,Rh,O,0.0,0.0,0.0,2.35,2.35,1.35,0.6,True,0.1158683830000004
0.0,Rb,Ru,O,1.0,5.0,-2.0,1.63,1.72,0.565,1.26,True,0.1991827177499985
0.0,Rb,Sb,O,1.0,5.0,-2.0,1.63,1.72,0.6,1.26,True,0.096659121590906
0.0,Rb,Sn,O,0.0,0.0,0.0,2.35,2.35,1.45,0.6,True,0.1858508148333371
0.0,Rb,Tm,O,1.0,2.0,-1.0,1.63,1.72,1.03,0.6999999999999998,True,0.243250292249999
0.0,Rb,W,O,0.0,0.0,0.0,2.35,2.35,1.35,0.6,True,0.1532382055000054
0.0,Pb,Ru,O,2.0,4.0,-2.0,1.35,1.49,0.62,1.26,True,0.1759832162013843
0.0,Pb,Sb,O,2.0,4.0,-2.0,1.35,1.49,1.0499999999999998,1.26,True,0.1700234941093654
0.0,Sm,Cu,O,3.0,3.0,-2.0,1.132,1.24,0.54,1.26,True,0.1243862085000007
0.0,Sm,Fe,O,3.0,3.0,-2.0,1.132,1.24,1.0999999999999999,1.26,True,0.2223701854999991
0.0,Sm,Ga,O,3.0,3.0,-2.0,1.132,1.24,0.62,1.26,True,0.2101929910833337
0.0,Sm,Mn,O,2.0,4.0,-2.0,1.6500000000000001,1.6500000000000001,0.53,1.26,True,0.1996038399999999
0.0,Sm,Ti,O,2.0,4.0,-2.0,1.6500000000000001,1.6500000000000001,0.605,1.26,True,0.1962379952499926
0.0,Pb,Sn,O,2.0,4.0,-2.0,1.35,1.49,0.69,1.26,True,0.1167542734999997
0.0,Sr,Ag,O,2.0,1.0,-1.0,1.31,1.44,1.15,0.6999999999999998,True,0.1135589189999946
0.0,Sr,Al,O,0.0,0.0,0.0,2.0,2.0,1.25,0.6,True,0.0508495222500018
0.0,Sr,As,O,0.0,0.0,0.0,2.0,2.0,1.15,0.6,True,0.2456489544999982
0.0,Sr,Er,O,0.0,0.0,0.0,2.0,2.0,1.75,0.6,True,0.2229598522499998
0.0,Sr,Ho,O,0.0,0.0,0.0,2.0,2.0,1.75,0.6,True,0.2362225938749986
0.0,Sr,In,O,0.0,0.0,0.0,2.0,2.0,1.55,0.6,True,0.1941839004999916
0.0,Sr,Mg,O,0.0,0.0,0.0,2.0,2.0,1.5,0.6,True,0.2206858959999964
0.0,Sr,Os,O,0.0,0.0,0.0,2.0,2.0,1.3,0.6,True,0.0969186678181799
0.0,Sr,Pd,O,2.0,4.0,-2.0,1.31,1.44,0.615,1.26,True,0.0701218604999995
0.0,Sr,Pt,O,0.0,0.0,0.0,2.0,2.0,1.35,0.6,True,0.1597648697499991
0.0,Sr,Pu,O,0.0,0.0,0.0,2.0,2.0,1.75,0.6,True,0.0906437980000021
0.0,Sr,Re,O,2.0,4.0,-2.0,1.31,1.44,0.63,1.26,True,0.1264082169333367
0.0,Sr,Sb,O,0.0,0.0,0.0,2.0,2.0,1.45,0.6,True,0.1320984407999974
0.0,Sr,Sc,O,0.0,0.0,0.0,2.0,2.0,1.6,0.6,True,0.0912574672499992
0.0,Sr,Ta,O,2.0,4.0,-2.0,1.31,1.44,0.68,1.26,True,0.0596068065066734
0.0,Sr,Tl,O,0.0,0.0,0.0,2.0,2.0,1.9,0.6,True,0.2406669654999937
0.0,Sr,Tm,O,0.0,0.0,0.0,2.0,2.0,1.75,0.6,True,0.2058953629999962
0.0,Sr,W,O,2.0,4.0,-2.0,1.31,1.44,0.66,1.26,True,0.1950455709999996
0.0,Sr,Zn,O,0.0,0.0,0.0,2.0,2.0,1.35,0.6,True,0.1679722980000004
0.0,Ag,Ta,O,1.0,5.0,-2.0,1.5,1.5,0.64,1.26,True,0.0354765909999965
0.0,In,Ta,O,1.0,5.0,-2.0,1.45,1.45,0.64,1.26,True,0.1711279543333326
0.0,Tl,Ta,O,1.0,5.0,-2.0,1.7999999999999998,1.7999999999999998,0.64,1.26,True,0.1073648547499992
0.0,Tb,Cu,O,3.0,3.0,-2.0,1.45,1.45,0.54,1.26,True,0.1563340444999994
0.0,Tb,Ni,O,3.0,3.0,-2.0,1.45,1.45,1.05,1.26,True,0.1986685039999995
0.0,Hg,Ti,O,2.0,4.0,-2.0,1.3,1.3,0.605,1.26,True,0.2360412915000012
0.0,Sn,Ti,O,2.0,4.0,-2.0,1.25,1.25,0.605,1.26,True,0.1580226890000009
0.0,Tl,Co,F,1.0,2.0,-1.0,1.7999999999999998,1.7999999999999998,1.1500000000000001,1.19,True,0.196479113499997
1.0,Tl,Co,F,1.0,2.0,-1.0,1.7999999999999998,1.7999999999999998,1.1500000000000001,1.19,True,0.0225247407142843
0.0,Tl,Cu,Cl,1.0,2.0,-1.0,1.7999999999999998,1.7999999999999998,0.73,1.67,True,0.0289165964999966
0.0,Tl,Cu,F,1.0,2.0,-1.0,1.7999999999999998,1.7999999999999998,0.73,1.19,True,0.0038410899999945
1.0,Tl,Cu,F,1.0,2.0,-1.0,1.7999999999999998,1.7999999999999998,0.73,1.19,True,0.0
1.0,Tl,Ni,F,1.0,2.0,-1.0,1.7999999999999998,1.7999999999999998,0.69,1.19,True,0.0
0.0,Tl,Pd,F,1.0,2.0,-1.0,1.7999999999999998,1.7999999999999998,0.86,1.19,True,0.0
0.0,Tl,Tc,O,0.0,0.0,0.0,1.9,1.9,1.35,0.6,True,0.0359791222916676
0.0,Tl,W,O,0.0,0.0,0.0,1.9,1.9,1.35,0.6,True,0.1577519640000062
0.0,Tl,Zn,F,1.0,2.0,-1.0,1.7999999999999998,1.7999999999999998,0.74,1.19,True,0.0
0.0,U,Al,O,3.0,3.0,-2.0,1.45,1.45,0.535,1.26,True,0.1737771648506125
0.0,Tl,U,O,1.0,5.0,-2.0,1.7999999999999998,1.7999999999999998,0.76,1.26,True,0.0
1.0,Tl,U,O,1.0,6.0,-2.0,1.7999999999999998,1.7999999999999998,0.73,1.26,True,0.0
0.0,Y,Co,O,3.0,3.0,-2.0,1.5,1.5,1.05,1.26,True,0.2303305295000157
0.0,Y,Cu,O,3.0,3.0,-2.0,1.5,1.5,0.54,1.26,True,0.2224431727045441
0.0,Y,Ni,O,3.0,3.0,-2.0,1.5,1.5,1.05,1.26,True,0.2099643790000023
0.0,Tl,Zr,O,0.0,0.0,0.0,1.9,1.9,1.55,0.6,True,0.2348801273333052
